{
  "id": "openCloud",
  "realm": "openCloud",
  "displayName": "OpenCloud",
  "displayNameHtml": "<div class=\"kc-logo-text\"><span>OpenCloud</span></div>",
  "loginTheme": "opencloud",
  "notBefore": 0,
  "defaultSignatureAlgorithm": "RS256",
  "revokeRefreshToken": false,
  "refreshTokenMaxReuse": 0,
  "accessTokenLifespan": 300,
  "accessTokenLifespanForImplicitFlow": 900,
  "ssoSessionIdleTimeout": 1800,
  "ssoSessionMaxLifespan": 36000,
  "ssoSessionIdleTimeoutRememberMe": 0,
  "ssoSessionMaxLifespanRememberMe": 0,
  "offlineSessionIdleTimeout": 2592000,
  "offlineSessionMaxLifespanEnabled": false,
  "offlineSessionMaxLifespan": 5184000,
  "clientSessionIdleTimeout": 0,
  "clientSessionMaxLifespan": 0,
  "clientOfflineSessionIdleTimeout": 0,
  "clientOfflineSessionMaxLifespan": 0,
  "accessCodeLifespan": 60,
  "accessCodeLifespanUserAction": 300,
  "accessCodeLifespanLogin": 1800,
  "actionTokenGeneratedByAdminLifespan": 43200,
  "actionTokenGeneratedByUserLifespan": 300,
  "oauth2DeviceCodeLifespan": 600,
  "oauth2DevicePollingInterval": 5,
  "enabled": true,
  "sslRequired": "external",
  "registrationAllowed": false,
  "registrationEmailAsUsername": false,
  "rememberMe": true,
  "verifyEmail": false,
  "loginWithEmailAllowed": true,
  "duplicateEmailsAllowed": false,
  "resetPasswordAllowed": true,
  "editUsernameAllowed": false,
  "bruteForceProtected": true,
  "permanentLockout": false,
  "maxTemporaryLockouts": 0,
  "maxFailureWaitSeconds": 900,
  "minimumQuickLoginWaitSeconds": 60,
  "waitIncrementSeconds": 60,
  "quickLoginCheckMilliSeconds": 1000,
  "maxDeltaTimeSeconds": 43200,
  "failureFactor": 30,
  "roles": {
    "realm": [
      {
        "id": "2d576514-4aae-46aa-9d9c-075f55f4d988",
        "name": "uma_authorization",
        "description": "${role_uma_authorization}",
        "composite": false,
        "clientRole": false,
        "containerId": "openCloud",
        "attributes": {}
      },
      {
        "id": "2aadd357-682c-406b-8874-293091995fdd",
        "name": "opencloudSpaceAdmin",
        "description": "",
        "composite": false,
        "clientRole": false,
        "containerId": "openCloud",
        "attributes": {}
      },
      {
        "id": "38071a68-456a-4553-846a-fa67bf5596cc",
        "name": "opencloudGuest",
        "description": "",
        "composite": false,
        "clientRole": false,
        "containerId": "openCloud",
        "attributes": {}
      },
      {
        "id": "71881883-1768-46bd-a24d-a356a2afdf7f",
        "name": "opencloudAdmin",
        "description": "",
        "composite": false,
        "clientRole": false,
        "containerId": "openCloud",
        "attributes": {}
      },
      {
        "id": "e2145b30-bf6f-49fb-af3f-1b40168bfcef",
        "name": "offline_access",
        "description": "${role_offline-access}",
        "composite": false,
        "clientRole": false,
        "containerId": "openCloud",
        "attributes": {}
      },
      {
        "id": "82e13ea7-aac4-4d2c-9fc7-cff8333dbe19",
        "name": "default-roles-opencloud",
        "description": "${role_default-roles}",
        "composite": true,
        "composites": {
          "realm": [
            "opencloudGuest",
            "offline_access",
            "uma_authorization"
          ],
          "client": {
            "account": [
              "manage-account",
              "view-profile"
            ]
          }
        },
        "clientRole": false,
        "containerId": "openCloud",
        "attributes": {}
      },
      {
        "id": "d7beeea8-8ff4-406b-8fb6-ab2dd81e6b11",
        "name": "opencloudUser",
        "description": "",
        "composite": false,
        "clientRole": false,
        "containerId": "openCloud",
        "attributes": {}
      }
    ],
    "client": {
      "_system": [],
      "realm-management": [
        {
          "id": "979ce053-a671-4b50-81d5-da4bdf7404c9",
          "name": "view-clients",
          "description": "${role_view-clients}",
          "composite": true,
          "composites": {
            "client": {
              "realm-management": [
                "query-clients"
              ]
            }
          },
          "clientRole": true,
          "containerId": "7848ee94-cc9b-40db-946f-a86ac73dc9b7",
          "attributes": {}
        },
        {
          "id": "4bec4791-e888-4dac-bc95-71720d5981b9",
          "name": "query-users",
          "description": "${role_query-users}",
          "composite": false,
          "clientRole": true,
          "containerId": "7848ee94-cc9b-40db-946f-a86ac73dc9b7",
          "attributes": {}
        },
        {
          "id": "955b4406-b04f-432d-a61a-571675874341",
          "name": "manage-authorization",
          "description": "${role_manage-authorization}",
          "composite": false,
          "clientRole": true,
          "containerId": "7848ee94-cc9b-40db-946f-a86ac73dc9b7",
          "attributes": {}
        },
        {
          "id": "baa219af-2773-4d59-b06b-485f10fbbab3",
          "name": "view-events",
          "description": "${role_view-events}",
          "composite": false,
          "clientRole": true,
          "containerId": "7848ee94-cc9b-40db-946f-a86ac73dc9b7",
          "attributes": {}
        },
        {
          "id": "f280bc03-d079-478d-be06-3590580b25e9",
          "name": "manage-users",
          "description": "${role_manage-users}",
          "composite": false,
          "clientRole": true,
          "containerId": "7848ee94-cc9b-40db-946f-a86ac73dc9b7",
          "attributes": {}
        },
        {
          "id": "db698163-84ad-46c9-958f-bb5f80ae78b5",
          "name": "query-clients",
          "description": "${role_query-clients}",
          "composite": false,
          "clientRole": true,
          "containerId": "7848ee94-cc9b-40db-946f-a86ac73dc9b7",
          "attributes": {}
        },
        {
          "id": "36c04d89-abf7-4a2c-a808-8efa9aca1435",
          "name": "manage-clients",
          "description": "${role_manage-clients}",
          "composite": false,
          "clientRole": true,
          "containerId": "7848ee94-cc9b-40db-946f-a86ac73dc9b7",
          "attributes": {}
        },
        {
          "id": "06eae953-11d5-4344-b089-ffce1e68d5d8",
          "name": "query-realms",
          "description": "${role_query-realms}",
          "composite": false,
          "clientRole": true,
          "containerId": "7848ee94-cc9b-40db-946f-a86ac73dc9b7",
          "attributes": {}
        },
        {
          "id": "afe8aa78-2f06-43a5-8c99-cf68a1f5a86a",
          "name": "realm-admin",
          "description": "${role_realm-admin}",
          "composite": true,
          "composites": {
            "client": {
              "realm-management": [
                "view-clients",
                "query-users",
                "manage-authorization",
                "view-events",
                "manage-users",
                "query-clients",
                "manage-clients",
                "query-realms",
                "impersonation",
                "manage-realm",
                "manage-identity-providers",
                "view-authorization",
                "create-client",
                "query-groups",
                "view-users",
                "view-realm",
                "view-identity-providers",
                "manage-events"
              ]
            }
          },
          "clientRole": true,
          "containerId": "7848ee94-cc9b-40db-946f-a86ac73dc9b7",
          "attributes": {}
        },
        {
          "id": "22ee128a-b28e-4c6a-aa8e-ad4136d74e1b",
          "name": "impersonation",
          "description": "${role_impersonation}",
          "composite": false,
          "clientRole": true,
          "containerId": "7848ee94-cc9b-40db-946f-a86ac73dc9b7",
          "attributes": {}
        },
        {
          "id": "89d4f119-7f87-44d9-8eef-d207304de778",
          "name": "manage-realm",
          "description": "${role_manage-realm}",
          "composite": false,
          "clientRole": true,
          "containerId": "7848ee94-cc9b-40db-946f-a86ac73dc9b7",
          "attributes": {}
        },
        {
          "id": "ebffeff4-6794-4003-a2ab-a79eff7d1baa",
          "name": "manage-identity-providers",
          "description": "${role_manage-identity-providers}",
          "composite": false,
          "clientRole": true,
          "containerId": "7848ee94-cc9b-40db-946f-a86ac73dc9b7",
          "attributes": {}
        },
        {
          "id": "2361a7ff-d2b3-43f5-b360-ad0e44fba65c",
          "name": "view-authorization",
          "description": "${role_view-authorization}",
          "composite": false,
          "clientRole": true,
          "containerId": "7848ee94-cc9b-40db-946f-a86ac73dc9b7",
          "attributes": {}
        },
        {
          "id": "f7bf6d7a-a861-49c6-8f6f-225c18d0a03a",
          "name": "create-client",
          "description": "${role_create-client}",
          "composite": false,
          "clientRole": true,
          "containerId": "7848ee94-cc9b-40db-946f-a86ac73dc9b7",
          "attributes": {}
        },
        {
          "id": "34ccce1c-5a7e-4268-8836-2276545be900",
          "name": "query-groups",
          "description": "${role_query-groups}",
          "composite": false,
          "clientRole": true,
          "containerId": "7848ee94-cc9b-40db-946f-a86ac73dc9b7",
          "attributes": {}
        },
        {
          "id": "430f7831-8f22-4518-bd15-2998eae45a51",
          "name": "view-users",
          "description": "${role_view-users}",
          "composite": true,
          "composites": {
            "client": {
              "realm-management": [
                "query-groups",
                "query-users"
              ]
            }
          },
          "clientRole": true,
          "containerId": "7848ee94-cc9b-40db-946f-a86ac73dc9b7",
          "attributes": {}
        },
        {
          "id": "371a31e6-4494-4b74-b3ea-d030663423ed",
          "name": "view-realm",
          "description": "${role_view-realm}",
          "composite": false,
          "clientRole": true,
          "containerId": "7848ee94-cc9b-40db-946f-a86ac73dc9b7",
          "attributes": {}
        },
        {
          "id": "e875775b-7a3e-4a5d-9e4e-376351b78626",
          "name": "view-identity-providers",
          "description": "${role_view-identity-providers}",
          "composite": false,
          "clientRole": true,
          "containerId": "7848ee94-cc9b-40db-946f-a86ac73dc9b7",
          "attributes": {}
        },
        {
          "id": "3dce7929-ee1f-40cd-9be1-7addcae92cef",
          "name": "manage-events",
          "description": "${role_manage-events}",
          "composite": false,
          "clientRole": true,
          "containerId": "7848ee94-cc9b-40db-946f-a86ac73dc9b7",
          "attributes": {}
        }
      ],
      "OpenCloudDesktop": [],
      "web": [],
      "security-admin-console": [],
      "OpenCloudIOS": [],
      "admin-cli": [],
      "OpenCloudAndroid": [],
      "account-console": [],
      "broker": [
        {
          "id": "81fad68a-8dd8-4d79-9a8f-206a82460145",
          "name": "read-token",
          "description": "${role_read-token}",
          "composite": false,
          "clientRole": true,
          "containerId": "002faf0a-716c-4230-81c7-ce22d1eb832c",
          "attributes": {}
        }
      ],
      "account": [
        {
          "id": "c49a49da-8ad0-44cb-b518-6d7d72cbe494",
          "name": "manage-account",
          "description": "${role_manage-account}",
          "composite": true,
          "composites": {
            "client": {
              "account": [
                "manage-account-links"
              ]
            }
          },
          "clientRole": true,
          "containerId": "9850adad-7910-4b67-a790-da6444361618",
          "attributes": {}
        },
        {
          "id": "9dc2244e-b8a7-44f1-b173-d2b929fedcca",
          "name": "view-consent",
          "description": "${role_view-consent}",
          "composite": false,
          "clientRole": true,
          "containerId": "9850adad-7910-4b67-a790-da6444361618",
          "attributes": {}
        },
        {
          "id": "ce115327-99c9-44d4-ba7d-820397dc11e6",
          "name": "manage-account-links",
          "description": "${role_manage-account-links}",
          "composite": false,
          "clientRole": true,
          "containerId": "9850adad-7910-4b67-a790-da6444361618",
          "attributes": {}
        },
        {
          "id": "2ffdf854-084b-467a-91c6-7f07844efc9a",
          "name": "view-groups",
          "description": "${role_view-groups}",
          "composite": false,
          "clientRole": true,
          "containerId": "9850adad-7910-4b67-a790-da6444361618",
          "attributes": {}
        },
        {
          "id": "8c45ca71-32aa-4547-932d-412da5e371ed",
          "name": "view-profile",
          "description": "${role_view-profile}",
          "composite": false,
          "clientRole": true,
          "containerId": "9850adad-7910-4b67-a790-da6444361618",
          "attributes": {}
        },
        {
          "id": "cbeecf6d-9af8-4746-877b-74800a894c35",
          "name": "view-applications",
          "description": "${role_view-applications}",
          "composite": false,
          "clientRole": true,
          "containerId": "9850adad-7910-4b67-a790-da6444361618",
          "attributes": {}
        },
        {
          "id": "ea798f64-b5f8-417f-9fe0-d3cd9172884f",
          "name": "delete-account",
          "description": "${role_delete-account}",
          "composite": false,
          "clientRole": true,
          "containerId": "9850adad-7910-4b67-a790-da6444361618",
          "attributes": {}
        },
        {
          "id": "e73aaf6d-e67b-491a-9cc3-78c32c82b42c",
          "name": "manage-consent",
          "description": "${role_manage-consent}",
          "composite": true,
          "composites": {
            "client": {
              "account": [
                "view-consent"
              ]
            }
          },
          "clientRole": true,
          "containerId": "9850adad-7910-4b67-a790-da6444361618",
          "attributes": {}
        }
      ]
    }
  },
  "groups": [
    {
      "id": "ed57d574-3bd9-4b51-9691-5d1b6aef7c68",
      "name": "administrators",
      "path": "/administrators",
      "subGroups": [],
      "attributes": {},
      "realmRoles": [
        "opencloudAdmin"
      ],
      "clientRoles": {}
    },
    {
      "id": "1bf1a677-302d-4c28-ac53-e83c87372a81",
      "name": "apollos",
      "path": "/apollos",
      "subGroups": [],
      "attributes": {},
      "realmRoles": [
        "opencloudSpaceAdmin"
      ],
      "clientRoles": {}
    },
    {
      "id": "12611514-517a-4fe6-a85d-41a018e98598",
      "name": "basic-haters",
      "path": "/basic-haters",
      "subGroups": [],
      "attributes": {},
      "realmRoles": [],
      "clientRoles": {}
    },
    {
      "id": "7a56c37d-3b86-487e-abe5-144452678255",
      "name": "bible-readers",
      "path": "/bible-readers",
      "subGroups": [],
      "attributes": {},
      "realmRoles": [],
      "clientRoles": {}
    },
    {
      "id": "03a5d51c-5e55-40ab-b8c8-5b796f77ab34",
      "name": "chess-lovers",
      "path": "/chess-lovers",
      "subGroups": [],
      "attributes": {},
      "realmRoles": [],
      "clientRoles": {}
    },
    {
      "id": "255c4aea-a3c6-41f5-bca5-0dec59cca3ee",
      "name": "machine-lovers",
      "path": "/machine-lovers",
      "subGroups": [],
      "attributes": {},
      "realmRoles": [],
      "clientRoles": {}
    },
    {
      "id": "d1d0f574-6a8e-49da-981b-bd0f667ec650",
      "name": "programmers",
      "path": "/programmers",
      "subGroups": [],
      "attributes": {},
      "realmRoles": [],
      "clientRoles": {}
    },
    {
      "id": "f8ab7ab3-e44b-445b-86a7-26d61259a6a6",
      "name": "unix-lovers",
      "path": "/unix-lovers",
      "subGroups": [],
      "attributes": {},
      "realmRoles": [
        "opencloudAdmin"
      ],
      "clientRoles": {}
    },
    {
      "id": "c3e5bec3-a125-4043-b872-5c38dc659a13",
      "name": "users",
      "path": "/users",
      "subGroups": [],
      "attributes": {},
      "realmRoles": [
        "opencloudUser"
      ],
      "clientRoles": {}
    },
    {
      "id": "ed1c5f92-4938-494f-83d3-a73be393a270",
      "name": "vlsi-lovers",
      "path": "/vlsi-lovers",
      "subGroups": [],
      "attributes": {},
      "realmRoles": [],
      "clientRoles": {}
    }
  ],
  "defaultRole": {
    "id": "82e13ea7-aac4-4d2c-9fc7-cff8333dbe19",
    "name": "default-roles-opencloud",
    "description": "${role_default-roles}",
    "composite": true,
    "clientRole": false,
    "containerId": "openCloud"
  },
  "requiredCredentials": [
    "password"
  ],
  "otpPolicyType": "totp",
  "otpPolicyAlgorithm": "HmacSHA1",
  "otpPolicyInitialCounter": 0,
  "otpPolicyDigits": 6,
  "otpPolicyLookAheadWindow": 1,
  "otpPolicyPeriod": 30,
  "otpPolicyCodeReusable": false,
  "otpSupportedApplications": [
    "totpAppFreeOTPName",
    "totpAppGoogleName",
    "totpAppMicrosoftAuthenticatorName"
  ],
  "localizationTexts": {},
  "webAuthnPolicyRpEntityName": "keycloak",
  "webAuthnPolicySignatureAlgorithms": [
    "ES256"
  ],
  "webAuthnPolicyRpId": "",
  "webAuthnPolicyAttestationConveyancePreference": "not specified",
  "webAuthnPolicyAuthenticatorAttachment": "not specified",
  "webAuthnPolicyRequireResidentKey": "not specified",
  "webAuthnPolicyUserVerificationRequirement": "not specified",
  "webAuthnPolicyCreateTimeout": 0,
  "webAuthnPolicyAvoidSameAuthenticatorRegister": false,
  "webAuthnPolicyAcceptableAaguids": [],
  "webAuthnPolicyExtraOrigins": [],
  "webAuthnPolicyPasswordlessRpEntityName": "keycloak",
  "webAuthnPolicyPasswordlessSignatureAlgorithms": [
    "ES256"
  ],
  "webAuthnPolicyPasswordlessRpId": "",
  "webAuthnPolicyPasswordlessAttestationConveyancePreference": "not specified",
  "webAuthnPolicyPasswordlessAuthenticatorAttachment": "not specified",
  "webAuthnPolicyPasswordlessRequireResidentKey": "not specified",
  "webAuthnPolicyPasswordlessUserVerificationRequirement": "not specified",
  "webAuthnPolicyPasswordlessCreateTimeout": 0,
  "webAuthnPolicyPasswordlessAvoidSameAuthenticatorRegister": false,
  "webAuthnPolicyPasswordlessAcceptableAaguids": [],
  "webAuthnPolicyPasswordlessExtraOrigins": [],
  "scopeMappings": [
    {
      "clientScope": "offline_access",
      "roles": [
        "offline_access"
      ]
    },
    {
      "clientScope": "roles",
      "roles": [
        "opencloudGuest",
        "opencloudAdmin",
        "opencloudSpaceAdmin",
        "opencloudUser"
      ]
    }
  ],
  "clientScopeMappings": {
    "account": [
      {
        "client": "account-console",
        "roles": [
          "manage-account",
          "view-groups"
        ]
      }
    ]
  },
  "clients": [
    {
      "id": "c8367556-1d13-4979-b4f6-5e2cff1f82ae",
      "clientId": "OpenCloudAndroid",
      "name": "OpenCloud Android App",
      "surrogateAuthRequired": false,
      "enabled": true,
      "alwaysDisplayInConsole": false,
      "clientAuthenticatorType": "client-secret",
      "redirectUris": [
        "oc://android.opencloud.eu"
      ],
      "webOrigins": [],
      "notBefore": 0,
      "bearerOnly": false,
      "consentRequired": false,
      "standardFlowEnabled": true,
      "implicitFlowEnabled": false,
      "directAccessGrantsEnabled": true,
      "serviceAccountsEnabled": false,
      "publicClient": true,
      "frontchannelLogout": false,
      "protocol": "openid-connect",
      "attributes": {
        "saml.assertion.signature": "false",
        "saml.force.post.binding": "false",
        "saml.multivalued.roles": "false",
        "saml.encrypt": "false",
        "post.logout.redirect.uris": "oc://android.opencloud.eu",
        "backchannel.logout.revoke.offline.tokens": "false",
        "saml.server.signature": "false",
        "saml.server.signature.keyinfo.ext": "false",
        "exclude.session.state.from.auth.response": "false",
        "backchannel.logout.session.required": "true",
        "client_credentials.use_refresh_token": "false",
        "saml_force_name_id_format": "false",
        "saml.client.signature": "false",
        "tls.client.certificate.bound.access.tokens": "false",
        "saml.authnstatement": "false",
        "display.on.consent.screen": "false",
        "saml.onetimeuse.condition": "false"
      },
      "authenticationFlowBindingOverrides": {},
      "fullScopeAllowed": true,
      "nodeReRegistrationTimeout": -1,
      "defaultClientScopes": [
        "web-origins",
        "profile",
        "roles",
        "groups",
        "OpenCloudUnique_ID",
        "basic",
        "email"
      ],
      "optionalClientScopes": [
        "address",
        "phone",
        "offline_access",
        "microprofile-jwt"
      ]
    },
    {
      "id": "fc7d8a8e-cb92-4cb0-b404-d723c07d8d4f",
      "clientId": "OpenCloudDesktop",
      "name": "OpenCloud Desktop Client",
      "surrogateAuthRequired": false,
      "enabled": true,
      "alwaysDisplayInConsole": false,
      "clientAuthenticatorType": "client-secret",
      "redirectUris": [
        "http://127.0.0.1",
        "http://localhost"
      ],
      "webOrigins": [],
      "notBefore": 0,
      "bearerOnly": false,
      "consentRequired": false,
      "standardFlowEnabled": true,
      "implicitFlowEnabled": false,
      "directAccessGrantsEnabled": true,
      "serviceAccountsEnabled": false,
      "publicClient": true,
      "frontchannelLogout": false,
      "protocol": "openid-connect",
      "attributes": {
        "saml.assertion.signature": "false",
        "saml.force.post.binding": "false",
        "saml.multivalued.roles": "false",
        "saml.encrypt": "false",
        "post.logout.redirect.uris": "+",
        "backchannel.logout.revoke.offline.tokens": "false",
        "saml.server.signature": "false",
        "saml.server.signature.keyinfo.ext": "false",
        "exclude.session.state.from.auth.response": "false",
        "backchannel.logout.session.required": "true",
        "client_credentials.use_refresh_token": "false",
        "saml_force_name_id_format": "false",
        "saml.client.signature": "false",
        "tls.client.certificate.bound.access.tokens": "false",
        "saml.authnstatement": "false",
        "display.on.consent.screen": "false",
        "saml.onetimeuse.condition": "false"
      },
      "authenticationFlowBindingOverrides": {},
      "fullScopeAllowed": true,
      "nodeReRegistrationTimeout": -1,
      "defaultClientScopes": [
        "web-origins",
        "profile",
        "roles",
        "groups",
        "OpenCloudUnique_ID",
        "basic",
        "email"
      ],
      "optionalClientScopes": [
        "address",
        "phone",
        "offline_access",
        "microprofile-jwt"
      ]
    },
    {
      "id": "6ae0e3da-38ff-47a4-a76e-b59eec0a2de9",
      "clientId": "OpenCloudIOS",
      "name": "OpenCloud iOS App",
      "surrogateAuthRequired": false,
      "enabled": true,
      "alwaysDisplayInConsole": false,
      "clientAuthenticatorType": "client-secret",
      "redirectUris": [
        "oc://ios.opencloud.eu"
      ],
      "webOrigins": [],
      "notBefore": 0,
      "bearerOnly": false,
      "consentRequired": false,
      "standardFlowEnabled": true,
      "implicitFlowEnabled": false,
      "directAccessGrantsEnabled": true,
      "serviceAccountsEnabled": false,
      "publicClient": true,
      "frontchannelLogout": false,
      "protocol": "openid-connect",
      "attributes": {
        "saml.assertion.signature": "false",
        "saml.force.post.binding": "false",
        "saml.multivalued.roles": "false",
        "saml.encrypt": "false",
        "post.logout.redirect.uris": "oc://ios.opencloud.eu",
        "backchannel.logout.revoke.offline.tokens": "false",
        "saml.server.signature": "false",
        "saml.server.signature.keyinfo.ext": "false",
        "exclude.session.state.from.auth.response": "false",
        "backchannel.logout.session.required": "true",
        "client_credentials.use_refresh_token": "false",
        "saml_force_name_id_format": "false",
        "saml.client.signature": "false",
        "tls.client.certificate.bound.access.tokens": "false",
        "saml.authnstatement": "false",
        "display.on.consent.screen": "false",
        "saml.onetimeuse.condition": "false"
      },
      "authenticationFlowBindingOverrides": {},
      "fullScopeAllowed": true,
      "nodeReRegistrationTimeout": -1,
      "defaultClientScopes": [
        "web-origins",
        "profile",
        "roles",
        "groups",
        "OpenCloudUnique_ID",
        "basic",
        "email"
      ],
      "optionalClientScopes": [
        "address",
        "phone",
        "offline_access",
        "microprofile-jwt"
      ]
    },
    {
      "id": "294b6cf4-b646-4f6c-bab2-616546ec3167",
      "clientId": "_system",
      "name": "_system",
      "surrogateAuthRequired": false,
      "enabled": true,
      "alwaysDisplayInConsole": false,
      "clientAuthenticatorType": "client-secret",
      "secret": "**********",
      "redirectUris": [],
      "webOrigins": [],
      "notBefore": 0,
      "bearerOnly": false,
      "consentRequired": false,
      "standardFlowEnabled": true,
      "implicitFlowEnabled": false,
      "directAccessGrantsEnabled": false,
      "serviceAccountsEnabled": false,
      "publicClient": false,
      "frontchannelLogout": false,
      "protocol": "openid-connect",
      "attributes": {
        "client.secret.creation.time": "1718778122",
        "post.logout.redirect.uris": "+"
      },
      "authenticationFlowBindingOverrides": {},
      "fullScopeAllowed": false,
      "nodeReRegistrationTimeout": 0,
      "defaultClientScopes": [
        "web-origins",
        "profile",
        "roles",
        "basic",
        "email"
      ],
      "optionalClientScopes": [
        "address",
        "phone",
        "offline_access",
        "microprofile-jwt"
      ]
    },
    {
      "id": "9850adad-7910-4b67-a790-da6444361618",
      "clientId": "account",
      "name": "${client_account}",
      "rootUrl": "${authBaseUrl}",
      "baseUrl": "/realms/openCloud/account/",
      "surrogateAuthRequired": false,
      "enabled": true,
      "alwaysDisplayInConsole": false,
      "clientAuthenticatorType": "client-secret",
      "secret": "**********",
      "redirectUris": [
        "/realms/openCloud/account/*"
      ],
      "webOrigins": [],
      "notBefore": 0,
      "bearerOnly": false,
      "consentRequired": false,
      "standardFlowEnabled": true,
      "implicitFlowEnabled": false,
      "directAccessGrantsEnabled": false,
      "serviceAccountsEnabled": false,
      "publicClient": false,
      "frontchannelLogout": false,
      "protocol": "openid-connect",
      "attributes": {
        "client.secret.creation.time": "1718778122",
        "post.logout.redirect.uris": "+"
      },
      "authenticationFlowBindingOverrides": {},
      "fullScopeAllowed": false,
      "nodeReRegistrationTimeout": 0,
      "defaultClientScopes": [
        "basic"
      ],
      "optionalClientScopes": []
    },
    {
      "id": "55bb4cdc-045b-422a-8830-61245949d6aa",
      "clientId": "account-console",
      "name": "${client_account-console}",
      "rootUrl": "${authBaseUrl}",
      "baseUrl": "/realms/openCloud/account/",
      "surrogateAuthRequired": false,
      "enabled": true,
      "alwaysDisplayInConsole": false,
      "clientAuthenticatorType": "client-secret",
      "redirectUris": [
        "/realms/openCloud/account/*"
      ],
      "webOrigins": [],
      "notBefore": 0,
      "bearerOnly": false,
      "consentRequired": false,
      "standardFlowEnabled": true,
      "implicitFlowEnabled": false,
      "directAccessGrantsEnabled": false,
      "serviceAccountsEnabled": false,
      "publicClient": true,
      "frontchannelLogout": false,
      "protocol": "openid-connect",
      "attributes": {
        "post.logout.redirect.uris": "+",
        "pkce.code.challenge.method": "S256"
      },
      "authenticationFlowBindingOverrides": {},
      "fullScopeAllowed": false,
      "nodeReRegistrationTimeout": 0,
      "protocolMappers": [
        {
          "id": "9bf413ed-402f-438d-a72c-033f3c45dab2",
          "name": "audience resolve",
          "protocol": "openid-connect",
          "protocolMapper": "oidc-audience-resolve-mapper",
          "consentRequired": false,
          "config": {}
        }
      ],
      "defaultClientScopes": [
        "web-origins",
        "acr",
        "profile",
        "roles",
        "basic",
        "email"
      ],
      "optionalClientScopes": [
        "address",
        "phone",
        "offline_access",
        "microprofile-jwt"
      ]
    },
    {
      "id": "2969b8ff-2ab3-4907-aaa7-091a7a627ccb",
      "clientId": "admin-cli",
      "name": "${client_admin-cli}",
      "surrogateAuthRequired": false,
      "enabled": true,
      "alwaysDisplayInConsole": false,
      "clientAuthenticatorType": "client-secret",
      "redirectUris": [],
      "webOrigins": [],
      "notBefore": 0,
      "bearerOnly": false,
      "consentRequired": false,
      "standardFlowEnabled": false,
      "implicitFlowEnabled": false,
      "directAccessGrantsEnabled": true,
      "serviceAccountsEnabled": false,
      "publicClient": true,
      "frontchannelLogout": false,
      "protocol": "openid-connect",
      "attributes": {
        "post.logout.redirect.uris": "+"
      },
      "authenticationFlowBindingOverrides": {},
      "fullScopeAllowed": false,
      "nodeReRegistrationTimeout": 0,
      "defaultClientScopes": [
        "basic"
      ],
      "optionalClientScopes": []
    },
    {
      "id": "002faf0a-716c-4230-81c7-ce22d1eb832c",
      "clientId": "broker",
      "name": "${client_broker}",
      "surrogateAuthRequired": false,
      "enabled": true,
      "alwaysDisplayInConsole": false,
      "clientAuthenticatorType": "client-secret",
      "secret": "**********",
      "redirectUris": [],
      "webOrigins": [],
      "notBefore": 0,
      "bearerOnly": false,
      "consentRequired": false,
      "standardFlowEnabled": true,
      "implicitFlowEnabled": false,
      "directAccessGrantsEnabled": false,
      "serviceAccountsEnabled": false,
      "publicClient": false,
      "frontchannelLogout": false,
      "protocol": "openid-connect",
      "attributes": {
        "client.secret.creation.time": "1718778122",
        "post.logout.redirect.uris": "+"
      },
      "authenticationFlowBindingOverrides": {},
      "fullScopeAllowed": false,
      "nodeReRegistrationTimeout": 0,
      "defaultClientScopes": [
        "basic"
      ],
      "optionalClientScopes": []
    },
    {
      "id": "7848ee94-cc9b-40db-946f-a86ac73dc9b7",
      "clientId": "realm-management",
      "name": "${client_realm-management}",
      "surrogateAuthRequired": false,
      "enabled": true,
      "alwaysDisplayInConsole": false,
      "clientAuthenticatorType": "client-secret",
      "redirectUris": [],
      "webOrigins": [],
      "notBefore": 0,
      "bearerOnly": true,
      "consentRequired": false,
      "standardFlowEnabled": true,
      "implicitFlowEnabled": false,
      "directAccessGrantsEnabled": false,
      "serviceAccountsEnabled": false,
      "publicClient": false,
      "frontchannelLogout": false,
      "protocol": "openid-connect",
      "attributes": {
        "post.logout.redirect.uris": "+"
      },
      "authenticationFlowBindingOverrides": {},
      "fullScopeAllowed": false,
      "nodeReRegistrationTimeout": 0,
      "defaultClientScopes": [],
      "optionalClientScopes": []
    },
    {
      "id": "97264f49-a8c1-4585-99b6-e706339c62f8",
      "clientId": "security-admin-console",
      "name": "${client_security-admin-console}",
      "rootUrl": "${authAdminUrl}",
      "baseUrl": "/admin/openCloud/console/",
      "surrogateAuthRequired": false,
      "enabled": true,
      "alwaysDisplayInConsole": false,
      "clientAuthenticatorType": "client-secret",
      "redirectUris": [
        "/admin/openCloud/console/*"
      ],
      "webOrigins": [
        "+"
      ],
      "notBefore": 0,
      "bearerOnly": false,
      "consentRequired": false,
      "standardFlowEnabled": true,
      "implicitFlowEnabled": false,
      "directAccessGrantsEnabled": false,
      "serviceAccountsEnabled": false,
      "publicClient": true,
      "frontchannelLogout": false,
      "protocol": "openid-connect",
      "attributes": {
        "post.logout.redirect.uris": "+",
        "pkce.code.challenge.method": "S256"
      },
      "authenticationFlowBindingOverrides": {},
      "fullScopeAllowed": false,
      "nodeReRegistrationTimeout": 0,
      "protocolMappers": [
        {
          "id": "96092024-21dd-4d31-a004-2c5b96031da3",
          "name": "locale",
          "protocol": "openid-connect",
          "protocolMapper": "oidc-usermodel-attribute-mapper",
          "consentRequired": false,
          "config": {
            "user.attribute": "locale",
            "id.token.claim": "true",
            "access.token.claim": "true",
            "claim.name": "locale",
            "jsonType.label": "String",
            "userinfo.token.claim": "true"
          }
        }
      ],
      "defaultClientScopes": [
        "basic"
      ],
      "optionalClientScopes": []
    },
    {
      "id": "54b18eca-cf79-4263-9db9-2d79f8a1c831",
      "clientId": "web",
      "name": "OpenCloud Web App",
      "description": "",
      "rootUrl": "https://cloud.opencloud.test",
      "adminUrl": "https://cloud.opencloud.test",
      "baseUrl": "",
      "surrogateAuthRequired": false,
      "enabled": true,
      "alwaysDisplayInConsole": false,
      "clientAuthenticatorType": "client-secret",
      "redirectUris": [
        "https://cloud.opencloud.test/",
        "https://cloud.opencloud.test/oidc-silent-redirect.html",
        "https://cloud.opencloud.test/oidc-callback.html"
      ],
      "webOrigins": [
        "https://cloud.opencloud.test"
      ],
      "notBefore": 0,
      "bearerOnly": false,
      "consentRequired": false,
      "standardFlowEnabled": true,
      "implicitFlowEnabled": false,
      "directAccessGrantsEnabled": true,
      "serviceAccountsEnabled": false,
      "publicClient": true,
      "frontchannelLogout": false,
      "protocol": "openid-connect",
      "attributes": {
        "saml.assertion.signature": "false",
        "saml.force.post.binding": "false",
        "saml.multivalued.roles": "false",
        "saml.encrypt": "false",
        "post.logout.redirect.uris": "+",
        "oauth2.device.authorization.grant.enabled": "false",
        "backchannel.logout.revoke.offline.tokens": "false",
        "saml.server.signature": "false",
        "saml.server.signature.keyinfo.ext": "false",
        "exclude.session.state.from.auth.response": "false",
        "oidc.ciba.grant.enabled": "false",
        "backchannel.logout.session.required": "true",
        "backchannel.logout.url": "https://cloud.opencloud.test/backchannel_logout",
        "client_credentials.use_refresh_token": "false",
        "saml_force_name_id_format": "false",
        "saml.client.signature": "false",
        "tls.client.certificate.bound.access.tokens": "false",
        "saml.authnstatement": "false",
        "display.on.consent.screen": "false",
        "saml.onetimeuse.condition": "false"
      },
      "authenticationFlowBindingOverrides": {},
      "fullScopeAllowed": true,
      "nodeReRegistrationTimeout": -1,
      "defaultClientScopes": [
        "web-origins",
        "profile",
        "roles",
        "groups",
        "OpenCloudUnique_ID",
        "basic",
        "email"
      ],
      "optionalClientScopes": [
        "address",
        "phone",
        "offline_access",
        "microprofile-jwt"
      ]
    }
  ],
  "clientScopes": [
    {
      "id": "258e56a8-1eeb-49ea-957b-aff8df4656ba",
      "name": "email",
      "description": "OpenID Connect built-in scope: email",
      "protocol": "openid-connect",
      "attributes": {
        "include.in.token.scope": "true",
        "consent.screen.text": "${emailScopeConsentText}",
        "display.on.consent.screen": "true"
      },
      "protocolMappers": [
        {
          "id": "068bcfb6-4a17-4c20-b083-ae542a7f76c8",
          "name": "email verified",
          "protocol": "openid-connect",
          "protocolMapper": "oidc-usermodel-property-mapper",
          "consentRequired": false,
          "config": {
            "user.attribute": "emailVerified",
            "id.token.claim": "true",
            "access.token.claim": "true",
            "claim.name": "email_verified",
            "jsonType.label": "boolean",
            "userinfo.token.claim": "true"
          }
        },
        {
          "id": "c00d6c21-2fd1-435f-9ee9-87e011048cbe",
          "name": "email",
          "protocol": "openid-connect",
          "protocolMapper": "oidc-usermodel-property-mapper",
          "consentRequired": false,
          "config": {
            "user.attribute": "email",
            "id.token.claim": "true",
            "access.token.claim": "true",
            "claim.name": "email",
            "jsonType.label": "String",
            "userinfo.token.claim": "true"
          }
        }
      ]
    },
    {
      "id": "b3e1e47e-3912-4b55-ba89-b0198e767682",
      "name": "address",
      "description": "OpenID Connect built-in scope: address",
      "protocol": "openid-connect",
      "attributes": {
        "include.in.token.scope": "true",
        "consent.screen.text": "${addressScopeConsentText}",
        "display.on.consent.screen": "true"
      },
      "protocolMappers": [
        {
          "id": "876baab9-39d1-4845-abb4-561a58aa152d",
          "name": "address",
          "protocol": "openid-connect",
          "protocolMapper": "oidc-address-mapper",
          "consentRequired": false,
          "config": {
            "user.attribute.formatted": "formatted",
            "user.attribute.country": "country",
            "user.attribute.postal_code": "postal_code",
            "userinfo.token.claim": "true",
            "user.attribute.street": "street",
            "id.token.claim": "true",
            "user.attribute.region": "region",
            "access.token.claim": "true",
            "user.attribute.locality": "locality"
          }
        }
      ]
    },
    {
      "id": "9cae7ced-e7d9-4f7b-8e54-7402125f6ead",
      "name": "offline_access",
      "description": "OpenID Connect built-in scope: offline_access",
      "protocol": "openid-connect",
      "attributes": {
        "consent.screen.text": "${offlineAccessScopeConsentText}",
        "display.on.consent.screen": "true"
      }
    },
    {
      "id": "79713daf-89ca-4ed4-ad97-a88b13ee9a18",
      "name": "phone",
      "description": "OpenID Connect built-in scope: phone",
      "protocol": "openid-connect",
      "attributes": {
        "include.in.token.scope": "true",
        "consent.screen.text": "${phoneScopeConsentText}",
        "display.on.consent.screen": "true"
      },
      "protocolMappers": [
        {
          "id": "b5f4f5ed-1008-42ba-8b3b-7d8851a2a680",
          "name": "phone number",
          "protocol": "openid-connect",
          "protocolMapper": "oidc-usermodel-attribute-mapper",
          "consentRequired": false,
          "config": {
            "user.attribute": "phoneNumber",
            "id.token.claim": "true",
            "access.token.claim": "true",
            "claim.name": "phone_number",
            "jsonType.label": "String",
            "userinfo.token.claim": "true"
          }
        },
        {
          "id": "08a246f1-2b4c-4def-af5c-aefc31b4820d",
          "name": "phone number verified",
          "protocol": "openid-connect",
          "protocolMapper": "oidc-usermodel-attribute-mapper",
          "consentRequired": false,
          "config": {
            "user.attribute": "phoneNumberVerified",
            "id.token.claim": "true",
            "access.token.claim": "true",
            "claim.name": "phone_number_verified",
            "jsonType.label": "boolean",
            "userinfo.token.claim": "true"
          }
        }
      ]
    },
    {
      "id": "5ce87358-3bca-4874-a6f0-6dccae6209a8",
      "name": "web-origins",
      "description": "OpenID Connect scope for add allowed web origins to the access token",
      "protocol": "openid-connect",
      "attributes": {
        "include.in.token.scope": "false",
        "consent.screen.text": "",
        "display.on.consent.screen": "false"
      },
      "protocolMappers": [
        {
          "id": "bbd23c51-918d-4ea6-9ac0-db68b512fb0a",
          "name": "allowed web origins",
          "protocol": "openid-connect",
          "protocolMapper": "oidc-allowed-origins-mapper",
          "consentRequired": false,
          "config": {}
        }
      ]
    },
    {
      "id": "bdb3e320-76c8-4ad7-9d0f-a08efc060101",
      "name": "microprofile-jwt",
      "description": "Microprofile - JWT built-in scope",
      "protocol": "openid-connect",
      "attributes": {
        "include.in.token.scope": "true",
        "display.on.consent.screen": "false"
      },
      "protocolMappers": [
        {
          "id": "1d08316c-493b-42ab-afa3-66f621860661",
          "name": "groups",
          "protocol": "openid-connect",
          "protocolMapper": "oidc-usermodel-realm-role-mapper",
          "consentRequired": false,
          "config": {
            "multivalued": "true",
            "userinfo.token.claim": "true",
            "user.attribute": "foo",
            "id.token.claim": "true",
            "access.token.claim": "true",
            "claim.name": "groups",
            "jsonType.label": "String"
          }
        },
        {
          "id": "52061d2d-7a41-4f1d-ba1b-3c4a53e739e4",
          "name": "upn",
          "protocol": "openid-connect",
          "protocolMapper": "oidc-usermodel-property-mapper",
          "consentRequired": false,
          "config": {
            "user.attribute": "username",
            "id.token.claim": "true",
            "access.token.claim": "true",
            "claim.name": "upn",
            "jsonType.label": "String",
            "userinfo.token.claim": "true"
          }
        }
      ]
    },
    {
      "id": "d68b434c-c589-45d4-ada1-5370b7e65cae",
      "name": "OpenCloudUnique_ID",
      "description": "Id to be used in OpenCloud and Keycloak",
      "protocol": "openid-connect",
      "attributes": {
        "include.in.token.scope": "false",
        "display.on.consent.screen": "false",
        "gui.order": "",
        "consent.screen.text": ""
      },
      "protocolMappers": [
        {
          "id": "d84f29ea-54d4-477e-9b36-cf5d7bec8f0c",
          "name": "Unique ID",
          "protocol": "openid-connect",
          "protocolMapper": "oidc-usermodel-attribute-mapper",
          "consentRequired": false,
          "config": {
            "introspection.token.claim": "true",
            "userinfo.token.claim": "true",
            "user.attribute": "uuid",
            "id.token.claim": "true",
            "lightweight.claim": "true",
            "access.token.claim": "true",
            "claim.name": "uuid",
            "jsonType.label": "String"
          }
        }
      ]
    },
    {
      "id": "8eb1f69b-b941-4185-bca1-f916953f7cf5",
      "name": "role_list",
      "description": "SAML role list",
      "protocol": "saml",
      "attributes": {
        "consent.screen.text": "${samlRoleListScopeConsentText}",
        "display.on.consent.screen": "true"
      },
      "protocolMappers": [
        {
          "id": "fb587847-806f-4443-bab0-501efc0f0b46",
          "name": "role list",
          "protocol": "saml",
          "protocolMapper": "saml-role-list-mapper",
          "consentRequired": false,
          "config": {
            "single": "false",
            "attribute.nameformat": "Basic",
            "attribute.name": "Role"
          }
        }
      ]
    },
    {
      "id": "947da1ff-f614-48fc-9ecb-c98cbcfd3390",
      "name": "profile",
      "description": "OpenID Connect built-in scope: profile",
      "protocol": "openid-connect",
      "attributes": {
        "include.in.token.scope": "true",
        "consent.screen.text": "${profileScopeConsentText}",
        "display.on.consent.screen": "true"
      },
      "protocolMappers": [
        {
          "id": "46fec552-2f92-408a-84cf-ba98bf8e35fd",
          "name": "family name",
          "protocol": "openid-connect",
          "protocolMapper": "oidc-usermodel-property-mapper",
          "consentRequired": false,
          "config": {
            "user.attribute": "lastName",
            "id.token.claim": "true",
            "access.token.claim": "true",
            "claim.name": "family_name",
            "jsonType.label": "String",
            "userinfo.token.claim": "true"
          }
        },
        {
          "id": "c7ed5458-4d32-423e-8ea1-d112c45045d4",
          "name": "middle name",
          "protocol": "openid-connect",
          "protocolMapper": "oidc-usermodel-attribute-mapper",
          "consentRequired": false,
          "config": {
            "user.attribute": "middleName",
            "id.token.claim": "true",
            "access.token.claim": "true",
            "claim.name": "middle_name",
            "jsonType.label": "String",
            "userinfo.token.claim": "true"
          }
        },
        {
          "id": "e18d1ce4-3969-4ec1-9941-a27fd7555245",
          "name": "picture",
          "protocol": "openid-connect",
          "protocolMapper": "oidc-usermodel-attribute-mapper",
          "consentRequired": false,
          "config": {
            "user.attribute": "picture",
            "id.token.claim": "true",
            "access.token.claim": "true",
            "claim.name": "picture",
            "jsonType.label": "String",
            "userinfo.token.claim": "true"
          }
        },
        {
          "id": "dab85a5e-9af8-4fcd-88e4-9d3ae50dd5b6",
          "name": "locale",
          "protocol": "openid-connect",
          "protocolMapper": "oidc-usermodel-attribute-mapper",
          "consentRequired": false,
          "config": {
            "user.attribute": "locale",
            "id.token.claim": "true",
            "access.token.claim": "true",
            "claim.name": "locale",
            "jsonType.label": "String",
            "userinfo.token.claim": "true"
          }
        },
        {
          "id": "7484f47e-3bb1-48d0-ba64-e8330dcefe6e",
          "name": "profile",
          "protocol": "openid-connect",
          "protocolMapper": "oidc-usermodel-attribute-mapper",
          "consentRequired": false,
          "config": {
            "user.attribute": "profile",
            "id.token.claim": "true",
            "access.token.claim": "true",
            "claim.name": "profile",
            "jsonType.label": "String",
            "userinfo.token.claim": "true"
          }
        },
        {
          "id": "fcd00995-9693-4803-8f41-c84044be83ed",
          "name": "website",
          "protocol": "openid-connect",
          "protocolMapper": "oidc-usermodel-attribute-mapper",
          "consentRequired": false,
          "config": {
            "user.attribute": "website",
            "id.token.claim": "true",
            "access.token.claim": "true",
            "claim.name": "website",
            "jsonType.label": "String",
            "userinfo.token.claim": "true"
          }
        },
        {
          "id": "f09e7268-5284-449b-849b-cf8225523584",
          "name": "full name",
          "protocol": "openid-connect",
          "protocolMapper": "oidc-full-name-mapper",
          "consentRequired": false,
          "config": {
            "id.token.claim": "true",
            "access.token.claim": "true",
            "userinfo.token.claim": "true"
          }
        },
        {
          "id": "0317f4b3-3f7b-47ab-88d3-5d6f604d944d",
          "name": "nickname",
          "protocol": "openid-connect",
          "protocolMapper": "oidc-usermodel-attribute-mapper",
          "consentRequired": false,
          "config": {
            "user.attribute": "nickname",
            "id.token.claim": "true",
            "access.token.claim": "true",
            "claim.name": "nickname",
            "jsonType.label": "String",
            "userinfo.token.claim": "true"
          }
        },
        {
          "id": "db81244c-e739-461b-8822-52ceaa11bdf4",
          "name": "updated at",
          "protocol": "openid-connect",
          "protocolMapper": "oidc-usermodel-attribute-mapper",
          "consentRequired": false,
          "config": {
            "user.attribute": "updatedAt",
            "id.token.claim": "true",
            "access.token.claim": "true",
            "claim.name": "updated_at",
            "jsonType.label": "String",
            "userinfo.token.claim": "true"
          }
        },
        {
          "id": "c6a16bf9-9370-4dff-a718-be53131bb238",
          "name": "gender",
          "protocol": "openid-connect",
          "protocolMapper": "oidc-usermodel-attribute-mapper",
          "consentRequired": false,
          "config": {
            "user.attribute": "gender",
            "id.token.claim": "true",
            "access.token.claim": "true",
            "claim.name": "gender",
            "jsonType.label": "String",
            "userinfo.token.claim": "true"
          }
        },
        {
          "id": "32d76647-b542-484c-9062-edc34eb350e0",
          "name": "birthdate",
          "protocol": "openid-connect",
          "protocolMapper": "oidc-usermodel-attribute-mapper",
          "consentRequired": false,
          "config": {
            "user.attribute": "birthdate",
            "id.token.claim": "true",
            "access.token.claim": "true",
            "claim.name": "birthdate",
            "jsonType.label": "String",
            "userinfo.token.claim": "true"
          }
        },
        {
          "id": "ac6530db-6463-446b-99da-32d5298b5fa0",
          "name": "zoneinfo",
          "protocol": "openid-connect",
          "protocolMapper": "oidc-usermodel-attribute-mapper",
          "consentRequired": false,
          "config": {
            "user.attribute": "zoneinfo",
            "id.token.claim": "true",
            "access.token.claim": "true",
            "claim.name": "zoneinfo",
            "jsonType.label": "String",
            "userinfo.token.claim": "true"
          }
        },
        {
          "id": "ed10983b-8700-415e-933e-226ce3f397a6",
          "name": "given name",
          "protocol": "openid-connect",
          "protocolMapper": "oidc-usermodel-property-mapper",
          "consentRequired": false,
          "config": {
            "user.attribute": "firstName",
            "id.token.claim": "true",
            "access.token.claim": "true",
            "claim.name": "given_name",
            "jsonType.label": "String",
            "userinfo.token.claim": "true"
          }
        },
        {
          "id": "8205ccd0-1266-4060-b5df-3a6eb229d91e",
          "name": "username",
          "protocol": "openid-connect",
          "protocolMapper": "oidc-usermodel-property-mapper",
          "consentRequired": false,
          "config": {
            "user.attribute": "username",
            "id.token.claim": "true",
            "access.token.claim": "true",
            "claim.name": "preferred_username",
            "jsonType.label": "String",
            "userinfo.token.claim": "true"
          }
        }
      ]
    },
    {
      "id": "c3a6224b-49aa-4a25-953d-7e326d66893d",
      "name": "basic",
      "description": "OpenID Connect scope for add all basic claims to the token",
      "protocol": "openid-connect",
      "attributes": {
        "include.in.token.scope": "false",
        "display.on.consent.screen": "false"
      },
      "protocolMappers": [
        {
          "id": "2d4f3f17-1ab7-429e-88e1-cdf08d3533c6",
          "name": "auth_time",
          "protocol": "openid-connect",
          "protocolMapper": "oidc-usersessionmodel-note-mapper",
          "consentRequired": false,
          "config": {
            "user.session.note": "AUTH_TIME",
            "introspection.token.claim": "true",
            "userinfo.token.claim": "true",
            "id.token.claim": "true",
            "access.token.claim": "true",
            "claim.name": "auth_time",
            "jsonType.label": "long"
          }
        },
        {
          "id": "3e7da934-3de3-4bd1-a565-8ac62419c138",
          "name": "sub",
          "protocol": "openid-connect",
          "protocolMapper": "oidc-sub-mapper",
          "consentRequired": false,
          "config": {
            "introspection.token.claim": "true",
            "access.token.claim": "true"
          }
        }
      ]
    },
    {
      "id": "0c72b80b-28d5-48d8-b593-c99030aab58d",
      "name": "roles",
      "description": "OpenID Connect scope for add user roles to the access token",
      "protocol": "openid-connect",
      "attributes": {
        "include.in.token.scope": "false",
        "consent.screen.text": "${rolesScopeConsentText}",
        "display.on.consent.screen": "true"
      },
      "protocolMappers": [
        {
          "id": "bc7f015e-329f-4e99-be6b-72382f4310c7",
          "name": "client roles",
          "protocol": "openid-connect",
          "protocolMapper": "oidc-usermodel-client-role-mapper",
          "consentRequired": false,
          "config": {
            "user.attribute": "foo",
            "access.token.claim": "true",
            "claim.name": "resource_access.${client_id}.roles",
            "jsonType.label": "String",
            "multivalued": "true"
          }
        },
        {
          "id": "215f645f-ad0b-4523-9ece-f09f69ead5c4",
          "name": "audience resolve",
          "protocol": "openid-connect",
          "protocolMapper": "oidc-audience-resolve-mapper",
          "consentRequired": false,
          "config": {}
        },
        {
          "id": "4a10b958-d34d-413a-b349-1415d02cdcde",
          "name": "realm roles",
          "protocol": "openid-connect",
          "protocolMapper": "oidc-usermodel-realm-role-mapper",
          "consentRequired": false,
          "config": {
            "id.token.claim": "true",
            "access.token.claim": "true",
            "claim.name": "roles",
            "jsonType.label": "String",
            "userinfo.token.claim": "true",
            "multivalued": "true"
          }
        }
      ]
    },
    {
      "id": "7438d93e-b07a-4913-9419-3273be364c4b",
      "name": "groups",
      "description": "OpenID Connect scope for add user groups to the access token",
      "protocol": "openid-connect",
      "attributes": {
        "include.in.token.scope": "false",
        "display.on.consent.screen": "true",
        "gui.order": "",
        "consent.screen.text": ""
      },
      "protocolMappers": [
        {
          "id": "5349faf2-64a6-481f-b207-39ffef2cd597",
          "name": "groups",
          "protocol": "openid-connect",
          "protocolMapper": "oidc-group-membership-mapper",
          "consentRequired": false,
          "config": {
            "full.path": "false",
            "introspection.token.claim": "true",
            "multivalued": "true",
            "userinfo.token.claim": "true",
            "id.token.claim": "true",
            "lightweight.claim": "false",
            "access.token.claim": "true",
            "claim.name": "groups"
          }
        }
      ]
    },
    {
      "id": "86883395-e439-4cab-9d8d-31d71389969c",
      "name": "acr",
      "description": "OpenID Connect scope for add acr (authentication context class reference) to the token",
      "protocol": "openid-connect",
      "attributes": {
        "include.in.token.scope": "false",
        "display.on.consent.screen": "false"
      },
      "protocolMappers": [
        {
          "id": "b849b14b-7c9c-4b7b-9329-c56debefb47c",
          "name": "acr loa level",
          "protocol": "openid-connect",
          "protocolMapper": "oidc-acr-mapper",
          "consentRequired": false,
          "config": {
            "id.token.claim": "true",
            "access.token.claim": "true",
            "userinfo.token.claim": "true"
          }
        }
      ]
    }
  ],
  "defaultDefaultClientScopes": [
    "role_list",
    "profile",
    "email",
    "roles",
    "web-origins",
    "acr",
    "basic",
    "groups",
    "OpenCloudUnique_ID"
  ],
  "defaultOptionalClientScopes": [
    "offline_access",
    "address",
    "phone",
    "microprofile-jwt"
  ],
  "browserSecurityHeaders": {
    "contentSecurityPolicyReportOnly": "",
    "xContentTypeOptions": "nosniff",
    "referrerPolicy": "no-referrer",
    "xRobotsTag": "none",
    "xFrameOptions": "SAMEORIGIN",
    "contentSecurityPolicy": "frame-src 'self'; frame-ancestors 'self'; object-src 'none';",
    "xXSSProtection": "1; mode=block",
    "strictTransportSecurity": "max-age=31536000; includeSubDomains"
  },
  "smtpServer": {},
  "eventsEnabled": false,
  "eventsListeners": [
    "jboss-logging"
  ],
  "enabledEventTypes": [
    "SEND_RESET_PASSWORD",
    "UPDATE_CONSENT_ERROR",
    "GRANT_CONSENT",
    "VERIFY_PROFILE_ERROR",
    "REMOVE_TOTP",
    "REVOKE_GRANT",
    "UPDATE_TOTP",
    "LOGIN_ERROR",
    "CLIENT_LOGIN",
    "RESET_PASSWORD_ERROR",
    "IMPERSONATE_ERROR",
    "CODE_TO_TOKEN_ERROR",
    "CUSTOM_REQUIRED_ACTION",
    "OAUTH2_DEVICE_CODE_TO_TOKEN_ERROR",
    "RESTART_AUTHENTICATION",
    "IMPERSONATE",
    "UPDATE_PROFILE_ERROR",
    "LOGIN",
    "OAUTH2_DEVICE_VERIFY_USER_CODE",
    "UPDATE_PASSWORD_ERROR",
    "CLIENT_INITIATED_ACCOUNT_LINKING",
    "OAUTH2_EXTENSION_GRANT",
    "USER_DISABLED_BY_PERMANENT_LOCKOUT",
    "TOKEN_EXCHANGE",
    "AUTHREQID_TO_TOKEN",
    "LOGOUT",
    "REGISTER",
    "DELETE_ACCOUNT_ERROR",
    "CLIENT_REGISTER",
    "IDENTITY_PROVIDER_LINK_ACCOUNT",
    "USER_DISABLED_BY_TEMPORARY_LOCKOUT",
    "DELETE_ACCOUNT",
    "UPDATE_PASSWORD",
    "CLIENT_DELETE",
    "FEDERATED_IDENTITY_LINK_ERROR",
    "IDENTITY_PROVIDER_FIRST_LOGIN",
    "CLIENT_DELETE_ERROR",
    "VERIFY_EMAIL",
    "CLIENT_LOGIN_ERROR",
    "RESTART_AUTHENTICATION_ERROR",
    "EXECUTE_ACTIONS",
    "REMOVE_FEDERATED_IDENTITY_ERROR",
    "TOKEN_EXCHANGE_ERROR",
    "PERMISSION_TOKEN",
    "FEDERATED_IDENTITY_OVERRIDE_LINK",
    "SEND_IDENTITY_PROVIDER_LINK_ERROR",
    "EXECUTE_ACTION_TOKEN_ERROR",
    "OAUTH2_EXTENSION_GRANT_ERROR",
    "SEND_VERIFY_EMAIL",
    "OAUTH2_DEVICE_AUTH",
    "EXECUTE_ACTIONS_ERROR",
    "REMOVE_FEDERATED_IDENTITY",
    "OAUTH2_DEVICE_CODE_TO_TOKEN",
    "IDENTITY_PROVIDER_POST_LOGIN",
    "IDENTITY_PROVIDER_LINK_ACCOUNT_ERROR",
    "FEDERATED_IDENTITY_OVERRIDE_LINK_ERROR",
    "OAUTH2_DEVICE_VERIFY_USER_CODE_ERROR",
    "UPDATE_EMAIL",
    "REGISTER_ERROR",
    "REVOKE_GRANT_ERROR",
    "EXECUTE_ACTION_TOKEN",
    "LOGOUT_ERROR",
    "UPDATE_EMAIL_ERROR",
    "CLIENT_UPDATE_ERROR",
    "AUTHREQID_TO_TOKEN_ERROR",
    "INVITE_ORG_ERROR",
    "UPDATE_PROFILE",
    "CLIENT_REGISTER_ERROR",
    "FEDERATED_IDENTITY_LINK",
    "INVITE_ORG",
    "SEND_IDENTITY_PROVIDER_LINK",
    "SEND_VERIFY_EMAIL_ERROR",
    "RESET_PASSWORD",
    "CLIENT_INITIATED_ACCOUNT_LINKING_ERROR",
    "OAUTH2_DEVICE_AUTH_ERROR",
    "UPDATE_CONSENT",
    "REMOVE_TOTP_ERROR",
    "VERIFY_EMAIL_ERROR",
    "SEND_RESET_PASSWORD_ERROR",
    "CLIENT_UPDATE",
    "CUSTOM_REQUIRED_ACTION_ERROR",
    "IDENTITY_PROVIDER_POST_LOGIN_ERROR",
    "UPDATE_TOTP_ERROR",
    "CODE_TO_TOKEN",
    "VERIFY_PROFILE",
    "GRANT_CONSENT_ERROR",
    "IDENTITY_PROVIDER_FIRST_LOGIN_ERROR"
  ],
  "adminEventsEnabled": false,
  "adminEventsDetailsEnabled": false,
  "identityProviders": [],
  "identityProviderMappers": [],
  "components": {
    "org.keycloak.services.clientregistration.policy.ClientRegistrationPolicy": [
      {
        "id": "4682fe74-f3a9-445a-a7ab-557fb532fe6b",
        "name": "Consent Required",
        "providerId": "consent-required",
        "subType": "anonymous",
        "subComponents": {},
        "config": {}
      },
      {
        "id": "c46009e5-c8b5-4051-bf7f-7b1481a9aa86",
        "name": "Max Clients Limit",
        "providerId": "max-clients",
        "subType": "anonymous",
        "subComponents": {},
        "config": {
          "max-clients": [
            "200"
          ]
        }
      },
      {
        "id": "43edf979-28d2-46c8-9f93-48b3de185570",
        "name": "Allowed Protocol Mapper Types",
        "providerId": "allowed-protocol-mappers",
        "subType": "anonymous",
        "subComponents": {},
        "config": {
          "allowed-protocol-mapper-types": [
            "oidc-full-name-mapper",
            "saml-user-attribute-mapper",
            "oidc-usermodel-property-mapper",
            "saml-role-list-mapper",
            "oidc-usermodel-attribute-mapper",
            "saml-user-property-mapper",
            "oidc-address-mapper",
            "oidc-sha256-pairwise-sub-mapper"
          ]
        }
      },
      {
        "id": "6fc7d765-7da8-4985-ba0b-e83827b04bd3",
        "name": "Allowed Client Scopes",
        "providerId": "allowed-client-templates",
        "subType": "anonymous",
        "subComponents": {},
        "config": {
          "allow-default-scopes": [
            "true"
          ]
        }
      },
      {
        "id": "c016f2b3-cf74-410e-a852-f6c7b49e0f5a",
        "name": "Block Client Registration",
        "providerId": "trusted-hosts",
        "subType": "anonymous",
        "subComponents": {},
        "config": {
          "host-sending-registration-request-must-match": [
            "true"
          ],
          "client-uris-must-match": [
            "true"
          ]
        }
      },
      {
        "id": "5a9aef85-98a6-4e90-b30f-8aa715e1f5e6",
        "name": "Allowed Protocol Mapper Types",
        "providerId": "allowed-protocol-mappers",
        "subType": "authenticated",
        "subComponents": {},
        "config": {
          "allowed-protocol-mapper-types": [
            "oidc-full-name-mapper",
            "saml-user-property-mapper",
            "saml-role-list-mapper",
            "oidc-address-mapper",
            "oidc-sha256-pairwise-sub-mapper",
            "oidc-usermodel-property-mapper",
            "oidc-usermodel-attribute-mapper",
            "saml-user-attribute-mapper"
          ]
        }
      },
      {
        "id": "e3eadb04-8862-4567-869c-a76485268159",
        "name": "Allowed Client Scopes",
        "providerId": "allowed-client-templates",
        "subType": "authenticated",
        "subComponents": {},
        "config": {
          "allow-default-scopes": [
            "true"
          ]
        }
      },
      {
        "id": "c788e6bf-2f57-4a82-b32e-ac8d48a4f676",
        "name": "Full Scope Disabled",
        "providerId": "scope",
        "subType": "anonymous",
        "subComponents": {},
        "config": {}
      }
    ],
    "org.keycloak.userprofile.UserProfileProvider": [
      {
        "id": "28d6b4ce-33d4-40c0-adef-b27e35b7e122",
        "providerId": "declarative-user-profile",
        "subComponents": {},
        "config": {
          "kc.user.profile.config": [
            "{\"attributes\":[{\"name\":\"username\",\"displayName\":\"${username}\",\"validations\":{\"length\":{\"min\":3,\"max\":255},\"username-prohibited-characters\":{},\"up-username-not-idn-homograph\":{}},\"permissions\":{\"view\":[\"admin\",\"user\"],\"edit\":[\"admin\",\"user\"]},\"multivalued\":false},{\"name\":\"email\",\"displayName\":\"${email}\",\"validations\":{\"email\":{},\"length\":{\"max\":255}},\"required\":{\"roles\":[\"user\"]},\"permissions\":{\"view\":[\"admin\",\"user\"],\"edit\":[\"admin\",\"user\"]},\"multivalued\":false},{\"name\":\"firstName\",\"displayName\":\"${firstName}\",\"validations\":{\"length\":{\"max\":255},\"person-name-prohibited-characters\":{}},\"required\":{\"roles\":[\"user\"]},\"permissions\":{\"view\":[\"admin\",\"user\"],\"edit\":[\"admin\",\"user\"]},\"multivalued\":false},{\"name\":\"lastName\",\"displayName\":\"${lastName}\",\"validations\":{\"length\":{\"max\":255},\"person-name-prohibited-characters\":{}},\"required\":{\"roles\":[\"user\"]},\"permissions\":{\"view\":[\"admin\",\"user\"],\"edit\":[\"admin\",\"user\"]},\"multivalued\":false},{\"name\":\"uuid\",\"displayName\":\"Unique LDAP ID\",\"validations\":{},\"annotations\":{},\"permissions\":{\"view\":[\"admin\",\"user\"],\"edit\":[]},\"multivalued\":false}],\"groups\":[{\"name\":\"user-metadata\",\"displayHeader\":\"User metadata\",\"displayDescription\":\"Attributes, which refer to user metadata\"}]}"
          ]
        }
      }
    ],
    "org.keycloak.storage.UserStorageProvider": [
      {
        "id": "91da1f3b-b9f4-4759-aed4-50124d9b9f3e",
        "name": "ldap",
        "providerId": "ldap",
        "subComponents": {
          "org.keycloak.storage.ldap.mappers.LDAPStorageMapper": [
            {
              "id": "5ce17b39-efb7-45a2-b600-55c57d3a3021",
              "name": "email",
              "providerId": "user-attribute-ldap-mapper",
              "subComponents": {},
              "config": {
                "ldap.attribute": [
                  "mail"
                ],
                "is.mandatory.in.ldap": [
                  "false"
                ],
                "always.read.value.from.ldap": [
                  "false"
                ],
                "read.only": [
                  "false"
                ],
                "user.model.attribute": [
                  "email"
                ]
              }
            },
            {
              "id": "7bf4374a-10d6-4192-9fb5-119ebf87f9f6",
              "name": "modify date",
              "providerId": "user-attribute-ldap-mapper",
              "subComponents": {},
              "config": {
                "ldap.attribute": [
                  "modifyTimestamp"
                ],
                "is.mandatory.in.ldap": [
                  "false"
                ],
                "always.read.value.from.ldap": [
                  "true"
                ],
                "read.only": [
                  "true"
                ],
                "user.model.attribute": [
                  "modifyTimestamp"
                ]
              }
            },
            {
              "id": "9fe968b5-c338-4419-93c4-f339cbad5ef8",
              "name": "username",
              "providerId": "user-attribute-ldap-mapper",
              "subComponents": {},
              "config": {
                "ldap.attribute": [
                  "uid"
                ],
                "is.mandatory.in.ldap": [
                  "true"
                ],
                "read.only": [
                  "false"
                ],
                "always.read.value.from.ldap": [
                  "false"
                ],
                "user.model.attribute": [
                  "username"
                ]
              }
            },
            {
              "id": "330d06e9-3e12-492e-af5e-53b1b950a122",
              "name": "uuid",
              "providerId": "user-attribute-ldap-mapper",
              "subComponents": {},
              "config": {
                "ldap.attribute": [
                  "entryUUID"
                ],
                "attribute.force.default": [
                  "false"
                ],
                "is.mandatory.in.ldap": [
                  "false"
                ],
                "is.binary.attribute": [
                  "false"
                ],
                "always.read.value.from.ldap": [
                  "true"
                ],
                "read.only": [
                  "true"
                ],
                "user.model.attribute": [
                  "uuid"
                ]
              }
            },
            {
              "id": "79e83df0-9406-4609-b78f-b27de957bc41",
              "name": "last name",
              "providerId": "user-attribute-ldap-mapper",
              "subComponents": {},
              "config": {
                "ldap.attribute": [
                  "sn"
                ],
                "is.mandatory.in.ldap": [
                  "true"
                ],
                "read.only": [
                  "false"
                ],
                "always.read.value.from.ldap": [
                  "true"
                ],
                "user.model.attribute": [
                  "lastName"
                ]
              }
            },
            {
              "id": "f75541bb-4819-424f-bc81-b6dc600dd730",
              "name": "ldap-groups",
              "providerId": "group-ldap-mapper",
              "subComponents": {},
              "config": {
                "mode": [
                  "LDAP_ONLY"
                ],
                "membership.attribute.type": [
                  "DN"
                ],
                "user.roles.retrieve.strategy": [
                  "LOAD_GROUPS_BY_MEMBER_ATTRIBUTE"
                ],
                "group.name.ldap.attribute": [
                  "cn"
                ],
                "membership.ldap.attribute": [
                  "member"
                ],
                "preserve.group.inheritance": [
                  "true"
                ],
                "ignore.missing.groups": [
                  "false"
                ],
                "membership.user.ldap.attribute": [
                  "uid"
                ],
                "groups.dn": [
                  "ou=groups,dc=opencloud,dc=eu"
                ],
                "memberof.ldap.attribute": [
                  "memberOf"
                ],
                "group.object.classes": [
                  "groupOfNames"
                ],
                "groups.path": [
                  "/"
                ],
                "drop.non.existing.groups.during.sync": [
                  "true"
                ]
              }
            },
            {
              "id": "96bc2621-a714-4f15-ac1d-bc32df94382d",
              "name": "display name",
              "providerId": "full-name-ldap-mapper",
              "subComponents": {},
              "config": {
                "read.only": [
                  "false"
                ],
                "write.only": [
                  "true"
                ],
                "ldap.full.name.attribute": [
                  "displayName"
                ]
              }
            },
            {
              "id": "cab8b569-0f50-4e13-b2a5-d24ee513cd8b",
              "name": "first name",
              "providerId": "user-attribute-ldap-mapper",
              "subComponents": {},
              "config": {
                "ldap.attribute": [
                  "cn"
                ],
                "is.mandatory.in.ldap": [
                  "true"
                ],
                "read.only": [
                  "false"
                ],
                "always.read.value.from.ldap": [
                  "true"
                ],
                "user.model.attribute": [
                  "firstName"
                ]
              }
            },
            {
              "id": "30cec76e-539e-4ac4-9816-8a0ae4a49798",
              "name": "creation date",
              "providerId": "user-attribute-ldap-mapper",
              "subComponents": {},
              "config": {
                "ldap.attribute": [
                  "createTimestamp"
                ],
                "is.mandatory.in.ldap": [
                  "false"
                ],
                "read.only": [
                  "true"
                ],
                "always.read.value.from.ldap": [
                  "true"
                ],
                "user.model.attribute": [
                  "createTimestamp"
                ]
              }
            }
          ]
        },
        "config": {
          "fullSyncPeriod": [
            "86400"
          ],
          "pagination": [
            "false"
          ],
          "startTls": [
            "false"
          ],
          "connectionPooling": [
            "false"
          ],
          "usersDn": [
            "ou=users,dc=opencloud,dc=eu"
          ],
          "cachePolicy": [
            "EVICT_DAILY"
          ],
          "evictionHour": [
            "0"
          ],
          "useKerberosForPasswordAuthentication": [
            "false"
          ],
          "importEnabled": [
            "true"
          ],
          "enabled": [
            "true"
          ],
          "bindCredential": [
            "ldap-admin-password"
          ],
          "bindDn": [
            "cn=admin,dc=opencloud,dc=eu"
          ],
          "usernameLDAPAttribute": [
            "uid"
          ],
          "changedSyncPeriod": [
            "3600"
          ],
          "lastSync": [
            "1745440869"
          ],
          "vendor": [
            "other"
          ],
          "uuidLDAPAttribute": [
            "entryUUID"
          ],
          "connectionUrl": [
            "ldap://ldap-server:1389"
          ],
          "allowKerberosAuthentication": [
            "false"
          ],
          "syncRegistrations": [
            "true"
          ],
          "authType": [
            "simple"
          ],
          "krbPrincipalAttribute": [
            "krb5PrincipalName"
          ],
          "customUserSearchFilter": [
            "(objectclass=inetOrgPerson)"
          ],
          "searchScope": [
            "1"
          ],
          "useTruststoreSpi": [
            "always"
          ],
          "usePasswordModifyExtendedOp": [
            "true"
          ],
          "trustEmail": [
            "false"
          ],
          "userObjectClasses": [
            "top,person,organizationalPerson,inetOrgPerson"
          ],
          "evictionMinute": [
            "0"
          ],
          "rdnLDAPAttribute": [
            "uid"
          ],
          "editMode": [
            "WRITABLE"
          ],
          "validatePasswordPolicy": [
            "false"
          ]
        }
      }
    ],
    "org.keycloak.keys.KeyProvider": [
      {
        "id": "0e3d0048-cb16-49c3-8a9a-05d83f0daeca",
        "name": "rsa-generated",
        "providerId": "rsa-generated",
        "subComponents": {},
        "config": {
          "priority": [
            "100"
          ]
        }
      },
      {
        "id": "f92ecf31-c3c7-4c3b-af20-839fc05bcf99",
        "name": "hmac-generated",
        "providerId": "hmac-generated",
        "subComponents": {},
        "config": {
          "priority": [
            "100"
          ],
          "algorithm": [
            "HS256"
          ]
        }
      },
      {
        "id": "a137a686-5876-4faf-8d1e-e3a59f55095e",
        "name": "hmac-generated-hs512",
        "providerId": "hmac-generated",
        "subComponents": {},
        "config": {
          "priority": [
            "100"
          ],
          "algorithm": [
            "HS512"
          ]
        }
      },
      {
        "id": "992dcc80-dc41-4b00-bab8-6ec1c839f3a4",
        "name": "aes-generated",
        "providerId": "aes-generated",
        "subComponents": {},
        "config": {
          "priority": [
            "100"
          ]
        }
      }
    ]
  },
  "internationalizationEnabled": false,
  "supportedLocales": [],
  "authenticationFlows": [
    {
      "id": "8964f931-b866-4a05-ab1c-89331a566887",
      "alias": "Account verification options",
      "description": "Method with which to verity the existing account",
      "providerId": "basic-flow",
      "topLevel": false,
      "builtIn": true,
      "authenticationExecutions": [
        {
          "authenticator": "idp-email-verification",
          "authenticatorFlow": false,
          "requirement": "ALTERNATIVE",
          "priority": 10,
          "autheticatorFlow": false,
          "userSetupAllowed": false
        },
        {
          "authenticatorFlow": true,
          "requirement": "ALTERNATIVE",
          "priority": 20,
          "autheticatorFlow": true,
          "flowAlias": "Verify Existing Account by Re-authentication",
          "userSetupAllowed": false
        }
      ]
    },
    {
      "id": "123e5711-1ee5-4f7e-ac9c-64c644daaea9",
      "alias": "Browser - Conditional OTP",
      "description": "Flow to determine if the OTP is required for the authentication",
      "providerId": "basic-flow",
      "topLevel": false,
      "builtIn": true,
      "authenticationExecutions": [
        {
          "authenticator": "conditional-user-configured",
          "authenticatorFlow": false,
          "requirement": "REQUIRED",
          "priority": 10,
          "autheticatorFlow": false,
          "userSetupAllowed": false
        },
        {
          "authenticator": "auth-otp-form",
          "authenticatorFlow": false,
          "requirement": "REQUIRED",
          "priority": 20,
          "autheticatorFlow": false,
          "userSetupAllowed": false
        }
      ]
    },
    {
      "id": "be73b7f5-9a66-487c-b7dd-80e0f7ac0c7c",
      "alias": "Direct Grant - Conditional OTP",
      "description": "Flow to determine if the OTP is required for the authentication",
      "providerId": "basic-flow",
      "topLevel": false,
      "builtIn": true,
      "authenticationExecutions": [
        {
          "authenticator": "conditional-user-configured",
          "authenticatorFlow": false,
          "requirement": "REQUIRED",
          "priority": 10,
          "autheticatorFlow": false,
          "userSetupAllowed": false
        },
        {
          "authenticator": "direct-grant-validate-otp",
          "authenticatorFlow": false,
          "requirement": "REQUIRED",
          "priority": 20,
          "autheticatorFlow": false,
          "userSetupAllowed": false
        }
      ]
    },
    {
      "id": "597ca917-91fc-4898-a279-cd592af286e3",
      "alias": "First broker login - Conditional OTP",
      "description": "Flow to determine if the OTP is required for the authentication",
      "providerId": "basic-flow",
      "topLevel": false,
      "builtIn": true,
      "authenticationExecutions": [
        {
          "authenticator": "conditional-user-configured",
          "authenticatorFlow": false,
          "requirement": "REQUIRED",
          "priority": 10,
          "autheticatorFlow": false,
          "userSetupAllowed": false
        },
        {
          "authenticator": "auth-otp-form",
          "authenticatorFlow": false,
          "requirement": "REQUIRED",
          "priority": 20,
          "autheticatorFlow": false,
          "userSetupAllowed": false
        }
      ]
    },
    {
      "id": "3daadb6b-4d63-4be1-a89e-ec8e41e72afa",
      "alias": "Handle Existing Account",
      "description": "Handle what to do if there is existing account with same email/username like authenticated identity provider",
      "providerId": "basic-flow",
      "topLevel": false,
      "builtIn": true,
      "authenticationExecutions": [
        {
          "authenticator": "idp-confirm-link",
          "authenticatorFlow": false,
          "requirement": "REQUIRED",
          "priority": 10,
          "autheticatorFlow": false,
          "userSetupAllowed": false
        },
        {
          "authenticatorFlow": true,
          "requirement": "REQUIRED",
          "priority": 20,
          "autheticatorFlow": true,
          "flowAlias": "Account verification options",
          "userSetupAllowed": false
        }
      ]
    },
    {
      "id": "5942598c-d7e9-4941-b13e-4a8a75e2c2a3",
      "alias": "Reset - Conditional OTP",
      "description": "Flow to determine if the OTP should be reset or not. Set to REQUIRED to force.",
      "providerId": "basic-flow",
      "topLevel": false,
      "builtIn": true,
      "authenticationExecutions": [
        {
          "authenticator": "conditional-user-configured",
          "authenticatorFlow": false,
          "requirement": "REQUIRED",
          "priority": 10,
          "autheticatorFlow": false,
          "userSetupAllowed": false
        },
        {
          "authenticator": "reset-otp",
          "authenticatorFlow": false,
          "requirement": "REQUIRED",
          "priority": 20,
          "autheticatorFlow": false,
          "userSetupAllowed": false
        }
      ]
    },
    {
      "id": "6e4b336e-eb5f-423c-8d32-4ab94d1122e6",
      "alias": "User creation or linking",
      "description": "Flow for the existing/non-existing user alternatives",
      "providerId": "basic-flow",
      "topLevel": false,
      "builtIn": true,
      "authenticationExecutions": [
        {
          "authenticatorConfig": "create unique user config",
          "authenticator": "idp-create-user-if-unique",
          "authenticatorFlow": false,
          "requirement": "ALTERNATIVE",
          "priority": 10,
          "autheticatorFlow": false,
          "userSetupAllowed": false
        },
        {
          "authenticatorFlow": true,
          "requirement": "ALTERNATIVE",
          "priority": 20,
          "autheticatorFlow": true,
          "flowAlias": "Handle Existing Account",
          "userSetupAllowed": false
        }
      ]
    },
    {
      "id": "35ac1997-b6af-44ff-ab27-c34f9be32e56",
      "alias": "Verify Existing Account by Re-authentication",
      "description": "Reauthentication of existing account",
      "providerId": "basic-flow",
      "topLevel": false,
      "builtIn": true,
      "authenticationExecutions": [
        {
          "authenticator": "idp-username-password-form",
          "authenticatorFlow": false,
          "requirement": "REQUIRED",
          "priority": 10,
          "autheticatorFlow": false,
          "userSetupAllowed": false
        },
        {
          "authenticatorFlow": true,
          "requirement": "CONDITIONAL",
          "priority": 20,
          "autheticatorFlow": true,
          "flowAlias": "First broker login - Conditional OTP",
          "userSetupAllowed": false
        }
      ]
    },
    {
      "id": "a3473070-fe69-4de1-a0b2-dd54b8a769d5",
      "alias": "browser",
      "description": "browser based authentication",
      "providerId": "basic-flow",
      "topLevel": true,
      "builtIn": true,
      "authenticationExecutions": [
        {
          "authenticator": "auth-cookie",
          "authenticatorFlow": false,
          "requirement": "ALTERNATIVE",
          "priority": 10,
          "autheticatorFlow": false,
          "userSetupAllowed": false
        },
        {
          "authenticator": "auth-spnego",
          "authenticatorFlow": false,
          "requirement": "DISABLED",
          "priority": 20,
          "autheticatorFlow": false,
          "userSetupAllowed": false
        },
        {
          "authenticator": "identity-provider-redirector",
          "authenticatorFlow": false,
          "requirement": "ALTERNATIVE",
          "priority": 25,
          "autheticatorFlow": false,
          "userSetupAllowed": false
        },
        {
          "authenticatorFlow": true,
          "requirement": "ALTERNATIVE",
          "priority": 30,
          "autheticatorFlow": true,
          "flowAlias": "forms",
          "userSetupAllowed": false
        }
      ]
    },
    {
      "id": "cc714857-b114-4df6-9030-b464bbb3964d",
      "alias": "clients",
      "description": "Base authentication for clients",
      "providerId": "client-flow",
      "topLevel": true,
      "builtIn": true,
      "authenticationExecutions": [
        {
          "authenticator": "client-secret",
          "authenticatorFlow": false,
          "requirement": "ALTERNATIVE",
          "priority": 10,
          "autheticatorFlow": false,
          "userSetupAllowed": false
        },
        {
          "authenticator": "client-jwt",
          "authenticatorFlow": false,
          "requirement": "ALTERNATIVE",
          "priority": 20,
          "autheticatorFlow": false,
          "userSetupAllowed": false
        },
        {
          "authenticator": "client-secret-jwt",
          "authenticatorFlow": false,
          "requirement": "ALTERNATIVE",
          "priority": 30,
          "autheticatorFlow": false,
          "userSetupAllowed": false
        },
        {
          "authenticator": "client-x509",
          "authenticatorFlow": false,
          "requirement": "ALTERNATIVE",
          "priority": 40,
          "autheticatorFlow": false,
          "userSetupAllowed": false
        }
      ]
    },
    {
      "id": "0ebe891c-1a72-4842-bf29-a9abe9c2a4d2",
      "alias": "direct grant",
      "description": "OpenID Connect Resource Owner Grant",
      "providerId": "basic-flow",
      "topLevel": true,
      "builtIn": true,
      "authenticationExecutions": [
        {
          "authenticator": "direct-grant-validate-username",
          "authenticatorFlow": false,
          "requirement": "REQUIRED",
          "priority": 10,
          "autheticatorFlow": false,
          "userSetupAllowed": false
        },
        {
          "authenticator": "direct-grant-validate-password",
          "authenticatorFlow": false,
          "requirement": "REQUIRED",
          "priority": 20,
          "autheticatorFlow": false,
          "userSetupAllowed": false
        },
        {
          "authenticatorFlow": true,
          "requirement": "CONDITIONAL",
          "priority": 30,
          "autheticatorFlow": true,
          "flowAlias": "Direct Grant - Conditional OTP",
          "userSetupAllowed": false
        }
      ]
    },
    {
      "id": "d97d5579-b3d4-49c4-a60e-0e1e6b1c9d79",
      "alias": "docker auth",
      "description": "Used by Docker clients to authenticate against the IDP",
      "providerId": "basic-flow",
      "topLevel": true,
      "builtIn": true,
      "authenticationExecutions": [
        {
          "authenticator": "docker-http-basic-authenticator",
          "authenticatorFlow": false,
          "requirement": "REQUIRED",
          "priority": 10,
          "autheticatorFlow": false,
          "userSetupAllowed": false
        }
      ]
    },
    {
      "id": "009f7c28-0f41-4237-9911-9091c3d751b7",
      "alias": "first broker login",
      "description": "Actions taken after first broker login with identity provider account, which is not yet linked to any Keycloak account",
      "providerId": "basic-flow",
      "topLevel": true,
      "builtIn": true,
      "authenticationExecutions": [
        {
          "authenticatorConfig": "review profile config",
          "authenticator": "idp-review-profile",
          "authenticatorFlow": false,
          "requirement": "REQUIRED",
          "priority": 10,
          "autheticatorFlow": false,
          "userSetupAllowed": false
        },
        {
          "authenticatorFlow": true,
          "requirement": "REQUIRED",
          "priority": 20,
          "autheticatorFlow": true,
          "flowAlias": "User creation or linking",
          "userSetupAllowed": false
        }
      ]
    },
    {
      "id": "f9911022-b3cf-4d96-9a96-51bc53c437eb",
      "alias": "forms",
      "description": "Username, password, otp and other auth forms.",
      "providerId": "basic-flow",
      "topLevel": false,
      "builtIn": true,
      "authenticationExecutions": [
        {
          "authenticator": "auth-username-password-form",
          "authenticatorFlow": false,
          "requirement": "REQUIRED",
          "priority": 10,
          "autheticatorFlow": false,
          "userSetupAllowed": false
        },
        {
          "authenticatorFlow": true,
          "requirement": "CONDITIONAL",
          "priority": 20,
          "autheticatorFlow": true,
          "flowAlias": "Browser - Conditional OTP",
          "userSetupAllowed": false
        }
      ]
    },
    {
      "id": "c53eb19d-49e9-4252-8a10-4d5c6a12e61b",
      "alias": "registration",
      "description": "registration flow",
      "providerId": "basic-flow",
      "topLevel": true,
      "builtIn": true,
      "authenticationExecutions": [
        {
          "authenticator": "registration-page-form",
          "authenticatorFlow": true,
          "requirement": "REQUIRED",
          "priority": 10,
          "autheticatorFlow": true,
          "flowAlias": "registration form",
          "userSetupAllowed": false
        }
      ]
    },
    {
      "id": "3b4f48d3-1706-4630-80e0-e0542780a1f7",
      "alias": "registration form",
      "description": "registration form",
      "providerId": "form-flow",
      "topLevel": false,
      "builtIn": true,
      "authenticationExecutions": [
        {
          "authenticator": "registration-user-creation",
          "authenticatorFlow": false,
          "requirement": "REQUIRED",
          "priority": 20,
          "autheticatorFlow": false,
          "userSetupAllowed": false
        },
        {
          "authenticator": "registration-password-action",
          "authenticatorFlow": false,
          "requirement": "REQUIRED",
          "priority": 50,
          "autheticatorFlow": false,
          "userSetupAllowed": false
        },
        {
          "authenticator": "registration-recaptcha-action",
          "authenticatorFlow": false,
          "requirement": "DISABLED",
          "priority": 60,
          "autheticatorFlow": false,
          "userSetupAllowed": false
        }
      ]
    },
    {
      "id": "5520aa89-cd76-438a-abae-7ccd3a2d7615",
      "alias": "reset credentials",
      "description": "Reset credentials for a user if they forgot their password or something",
      "providerId": "basic-flow",
      "topLevel": true,
      "builtIn": true,
      "authenticationExecutions": [
        {
          "authenticator": "reset-credentials-choose-user",
          "authenticatorFlow": false,
          "requirement": "REQUIRED",
          "priority": 10,
          "autheticatorFlow": false,
          "userSetupAllowed": false
        },
        {
          "authenticator": "reset-credential-email",
          "authenticatorFlow": false,
          "requirement": "REQUIRED",
          "priority": 20,
          "autheticatorFlow": false,
          "userSetupAllowed": false
        },
        {
          "authenticator": "reset-password",
          "authenticatorFlow": false,
          "requirement": "REQUIRED",
          "priority": 30,
          "autheticatorFlow": false,
          "userSetupAllowed": false
        },
        {
          "authenticatorFlow": true,
          "requirement": "CONDITIONAL",
          "priority": 40,
          "autheticatorFlow": true,
          "flowAlias": "Reset - Conditional OTP",
          "userSetupAllowed": false
        }
      ]
    },
    {
      "id": "cce548d6-9bef-4449-88ea-99b949488fe7",
      "alias": "saml ecp",
      "description": "SAML ECP Profile Authentication Flow",
      "providerId": "basic-flow",
      "topLevel": true,
      "builtIn": true,
      "authenticationExecutions": [
        {
          "authenticator": "http-basic-authenticator",
          "authenticatorFlow": false,
          "requirement": "REQUIRED",
          "priority": 10,
          "autheticatorFlow": false,
          "userSetupAllowed": false
        }
      ]
    }
  ],
  "authenticatorConfig": [
    {
      "id": "0848606c-7510-4b09-ba0e-4dc2ef3d63f8",
      "alias": "create unique user config",
      "config": {
        "require.password.update.after.registration": "false"
      }
    },
    {
      "id": "91a8dee7-c679-4202-866e-234eb4164cfd",
      "alias": "review profile config",
      "config": {
        "update.profile.on.first.login": "missing"
      }
    }
  ],
  "requiredActions": [
    {
      "alias": "CONFIGURE_TOTP",
      "name": "Configure OTP",
      "providerId": "CONFIGURE_TOTP",
      "enabled": true,
      "defaultAction": false,
      "priority": 10,
      "config": {}
    },
    {
      "alias": "TERMS_AND_CONDITIONS",
      "name": "Terms and Conditions",
      "providerId": "TERMS_AND_CONDITIONS",
      "enabled": false,
      "defaultAction": false,
      "priority": 20,
      "config": {}
    },
    {
      "alias": "UPDATE_PASSWORD",
      "name": "Update Password",
      "providerId": "UPDATE_PASSWORD",
      "enabled": true,
      "defaultAction": false,
      "priority": 30,
      "config": {}
    },
    {
      "alias": "UPDATE_PROFILE",
      "name": "Update Profile",
      "providerId": "UPDATE_PROFILE",
      "enabled": true,
      "defaultAction": false,
      "priority": 40,
      "config": {}
    },
    {
      "alias": "VERIFY_EMAIL",
      "name": "Verify Email",
      "providerId": "VERIFY_EMAIL",
      "enabled": true,
      "defaultAction": false,
      "priority": 50,
      "config": {}
    },
    {
      "alias": "delete_account",
      "name": "Delete Account",
      "providerId": "delete_account",
      "enabled": false,
      "defaultAction": false,
      "priority": 60,
      "config": {}
    },
    {
      "alias": "delete_credential",
      "name": "Delete Credential",
      "providerId": "delete_credential",
      "enabled": true,
      "defaultAction": false,
      "priority": 100,
      "config": {}
    },
    {
      "alias": "update_user_locale",
      "name": "Update User Locale",
      "providerId": "update_user_locale",
      "enabled": true,
      "defaultAction": false,
      "priority": 1000,
      "config": {}
    }
  ],
  "browserFlow": "browser",
  "registrationFlow": "registration",
  "directGrantFlow": "direct grant",
  "resetCredentialsFlow": "reset credentials",
  "clientAuthenticationFlow": "clients",
  "dockerAuthenticationFlow": "docker auth",
  "firstBrokerLoginFlow": "first broker login",
  "attributes": {
    "cibaBackchannelTokenDeliveryMode": "poll",
    "cibaAuthRequestedUserHint": "login_hint",
    "clientOfflineSessionMaxLifespan": "0",
    "oauth2DevicePollingInterval": "5",
    "clientSessionIdleTimeout": "0",
    "clientOfflineSessionIdleTimeout": "0",
    "cibaInterval": "5",
    "realmReusableOtpCode": "false",
    "cibaExpiresIn": "120",
    "oauth2DeviceCodeLifespan": "600",
    "parRequestUriLifespan": "60",
    "clientSessionMaxLifespan": "0",
    "organizationsEnabled": "false"
  },
  "keycloakVersion": "25.0.0",
  "userManagedAccessAllowed": false,
  "organizationsEnabled": false,
  "clientProfiles": {
    "profiles": []
  },
  "clientPolicies": {
    "policies": []
  }
}
